1,Passenger review #1 with score 4,4
2,Passenger review #2 with score 1,1
3,Passenger review #3 with score 4,4
4,Passenger review #4 with score 5,5
5,Passenger review #5 with score 3,3
6,Passenger review #6 with score 1,1
7,Passenger review #7 with score 5,5
8,Passenger review #8 with score 1,1
9,Passenger review #9 with score 3,3
10,Passenger review #10 with score 2,2
11,Passenger review #11 with score 2,2
12,Passenger review #12 with score 2,2
13,Passenger review #13 with score 3,3
14,Passenger review #14 with score 4,4
15,Passenger review #15 with score 4,4
16,Passenger review #16 with score 3,3
17,Passenger review #17 with score 4,4
18,Passenger review #18 with score 5,5
19,Passenger review #19 with score 2,2
20,Passenger review #20 with score 4,4
21,Passenger review #21 with score 3,3
22,Passenger review #22 with score 1,1
23,Passenger review #23 with score 3,3
24,Passenger review #24 with score 1,1
25,Passenger review #25 with score 1,1
26,Passenger review #26 with score 4,4
27,Passenger review #27 with score 2,2
28,Passenger review #28 with score 5,5
29,Passenger review #29 with score 1,1
30,Passenger review #30 with score 3,3
31,Passenger review #31 with score 2,2
32,Passenger review #32 with score 2,2
33,Passenger review #33 with score 5,5
34,Passenger review #34 with score 5,5
35,Passenger review #35 with score 1,1
36,Passenger review #36 with score 2,2
37,Passenger review #37 with score 5,5
38,Passenger review #38 with score 1,1
39,Passenger review #39 with score 1,1
40,Passenger review #40 with score 4,4
41,Passenger review #41 with score 2,2
42,Passenger review #42 with score 5,5
43,Passenger review #43 with score 2,2
44,Passenger review #44 with score 5,5
45,Passenger review #45 with score 5,5
46,Passenger review #46 with score 1,1
47,Passenger review #47 with score 1,1
48,Passenger review #48 with score 2,2
49,Passenger review #49 with score 3,3
50,Passenger review #50 with score 5,5
51,Passenger review #51 with score 5,5
52,Passenger review #52 with score 3,3
53,Passenger review #53 with score 3,3
54,Passenger review #54 with score 3,3
55,Passenger review #55 with score 2,2
56,Passenger review #56 with score 3,3
57,Passenger review #57 with score 4,4
58,Passenger review #58 with score 3,3
59,Passenger review #59 with score 3,3
60,Passenger review #60 with score 1,1
61,Passenger review #61 with score 3,3
62,Passenger review #62 with score 4,4
63,Passenger review #63 with score 1,1
64,Passenger review #64 with score 1,1
65,Passenger review #65 with score 5,5
66,Passenger review #66 with score 1,1
67,Passenger review #67 with score 1,1
68,Passenger review #68 with score 5,5
69,Passenger review #69 with score 2,2
70,Passenger review #70 with score 4,4
71,Passenger review #71 with score 5,5
72,Passenger review #72 with score 1,1
73,Passenger review #73 with score 5,5
74,Passenger review #74 with score 1,1
75,Passenger review #75 with score 4,4
76,Passenger review #76 with score 2,2
77,Passenger review #77 with score 3,3
78,Passenger review #78 with score 4,4
79,Passenger review #79 with score 4,4
80,Passenger review #80 with score 5,5
81,Passenger review #81 with score 2,2
82,Passenger review #82 with score 4,4
83,Passenger review #83 with score 5,5
84,Passenger review #84 with score 5,5
85,Passenger review #85 with score 4,4
86,Passenger review #86 with score 1,1
87,Passenger review #87 with score 1,1
88,Passenger review #88 with score 3,3
89,Passenger review #89 with score 4,4
90,Passenger review #90 with score 3,3
91,Passenger review #91 with score 1,1
92,Passenger review #92 with score 1,1
93,Passenger review #93 with score 4,4
94,Passenger review #94 with score 1,1
95,Passenger review #95 with score 4,4
96,Passenger review #96 with score 5,5
97,Passenger review #97 with score 4,4
98,Passenger review #98 with score 1,1
99,Passenger review #99 with score 2,2
100,Passenger review #100 with score 4,4
101,Passenger review #101 with score 1,1
102,Passenger review #102 with score 1,1
103,Passenger review #103 with score 5,5
104,Passenger review #104 with score 4,4
105,Passenger review #105 with score 3,3
106,Passenger review #106 with score 5,5
107,Passenger review #107 with score 5,5
108,Passenger review #108 with score 2,2
109,Passenger review #109 with score 3,3
110,Passenger review #110 with score 1,1
111,Passenger review #111 with score 4,4
112,Passenger review #112 with score 1,1
113,Passenger review #113 with score 3,3
114,Passenger review #114 with score 5,5
115,Passenger review #115 with score 3,3
116,Passenger review #116 with score 4,4
117,Passenger review #117 with score 3,3
118,Passenger review #118 with score 3,3
119,Passenger review #119 with score 2,2
120,Passenger review #120 with score 5,5
121,Passenger review #121 with score 4,4
122,Passenger review #122 with score 1,1
123,Passenger review #123 with score 3,3
124,Passenger review #124 with score 5,5
125,Passenger review #125 with score 2,2
126,Passenger review #126 with score 3,3
127,Passenger review #127 with score 4,4
128,Passenger review #128 with score 1,1
129,Passenger review #129 with score 5,5
130,Passenger review #130 with score 2,2
131,Passenger review #131 with score 4,4
132,Passenger review #132 with score 4,4
133,Passenger review #133 with score 3,3
134,Passenger review #134 with score 3,3
135,Passenger review #135 with score 2,2
136,Passenger review #136 with score 1,1
137,Passenger review #137 with score 3,3
138,Passenger review #138 with score 5,5
139,Passenger review #139 with score 5,5
140,Passenger review #140 with score 2,2
141,Passenger review #141 with score 4,4
142,Passenger review #142 with score 2,2
143,Passenger review #143 with score 2,2
144,Passenger review #144 with score 2,2
145,Passenger review #145 with score 3,3
146,Passenger review #146 with score 1,1
147,Passenger review #147 with score 1,1
148,Passenger review #148 with score 1,1
149,Passenger review #149 with score 4,4
150,Passenger review #150 with score 2,2
151,Passenger review #151 with score 3,3
152,Passenger review #152 with score 3,3
153,Passenger review #153 with score 4,4
154,Passenger review #154 with score 4,4
155,Passenger review #155 with score 1,1
156,Passenger review #156 with score 3,3
157,Passenger review #157 with score 2,2
158,Passenger review #158 with score 4,4
159,Passenger review #159 with score 5,5
160,Passenger review #160 with score 3,3
161,Passenger review #161 with score 5,5
162,Passenger review #162 with score 2,2
163,Passenger review #163 with score 3,3
164,Passenger review #164 with score 1,1
165,Passenger review #165 with score 4,4
166,Passenger review #166 with score 5,5
167,Passenger review #167 with score 3,3
168,Passenger review #168 with score 2,2
169,Passenger review #169 with score 4,4
170,Passenger review #170 with score 3,3
171,Passenger review #171 with score 5,5
172,Passenger review #172 with score 3,3
173,Passenger review #173 with score 3,3
174,Passenger review #174 with score 4,4
175,Passenger review #175 with score 1,1
176,Passenger review #176 with score 2,2
177,Passenger review #177 with score 3,3
178,Passenger review #178 with score 5,5
179,Passenger review #179 with score 1,1
180,Passenger review #180 with score 3,3
181,Passenger review #181 with score 1,1
182,Passenger review #182 with score 1,1
183,Passenger review #183 with score 4,4
184,Passenger review #184 with score 5,5
185,Passenger review #185 with score 4,4
186,Passenger review #186 with score 3,3
187,Passenger review #187 with score 2,2
188,Passenger review #188 with score 5,5
189,Passenger review #189 with score 1,1
190,Passenger review #190 with score 5,5
191,Passenger review #191 with score 3,3
192,Passenger review #192 with score 4,4
193,Passenger review #193 with score 4,4
194,Passenger review #194 with score 3,3
195,Passenger review #195 with score 3,3
196,Passenger review #196 with score 1,1
197,Passenger review #197 with score 5,5
198,Passenger review #198 with score 5,5
199,Passenger review #199 with score 5,5
200,Passenger review #200 with score 5,5
201,Passenger review #201 with score 3,3
202,Passenger review #202 with score 3,3
203,Passenger review #203 with score 1,1
204,Passenger review #204 with score 2,2
205,Passenger review #205 with score 3,3
206,Passenger review #206 with score 2,2
207,Passenger review #207 with score 3,3
208,Passenger review #208 with score 1,1
209,Passenger review #209 with score 4,4
210,Passenger review #210 with score 2,2
211,Passenger review #211 with score 1,1
212,Passenger review #212 with score 2,2
213,Passenger review #213 with score 5,5
214,Passenger review #214 with score 2,2
215,Passenger review #215 with score 2,2
216,Passenger review #216 with score 3,3
217,Passenger review #217 with score 3,3
218,Passenger review #218 with score 1,1
219,Passenger review #219 with score 5,5
220,Passenger review #220 with score 2,2
221,Passenger review #221 with score 2,2
222,Passenger review #222 with score 1,1
223,Passenger review #223 with score 1,1
224,Passenger review #224 with score 2,2
225,Passenger review #225 with score 5,5
226,Passenger review #226 with score 3,3
227,Passenger review #227 with score 4,4
228,Passenger review #228 with score 3,3
229,Passenger review #229 with score 2,2
230,Passenger review #230 with score 3,3
231,Passenger review #231 with score 1,1
232,Passenger review #232 with score 3,3
233,Passenger review #233 with score 4,4
234,Passenger review #234 with score 1,1
235,Passenger review #235 with score 4,4
236,Passenger review #236 with score 4,4
237,Passenger review #237 with score 1,1
238,Passenger review #238 with score 1,1
239,Passenger review #239 with score 5,5
240,Passenger review #240 with score 2,2
241,Passenger review #241 with score 2,2
242,Passenger review #242 with score 2,2
243,Passenger review #243 with score 4,4
244,Passenger review #244 with score 4,4
245,Passenger review #245 with score 2,2
246,Passenger review #246 with score 4,4
247,Passenger review #247 with score 5,5
248,Passenger review #248 with score 1,1
249,Passenger review #249 with score 4,4
250,Passenger review #250 with score 1,1
251,Passenger review #251 with score 3,3
252,Passenger review #252 with score 4,4
253,Passenger review #253 with score 1,1
254,Passenger review #254 with score 4,4
255,Passenger review #255 with score 4,4
256,Passenger review #256 with score 1,1
257,Passenger review #257 with score 1,1
258,Passenger review #258 with score 3,3
259,Passenger review #259 with score 5,5
260,Passenger review #260 with score 5,5
261,Passenger review #261 with score 4,4
262,Passenger review #262 with score 5,5
263,Passenger review #263 with score 5,5
264,Passenger review #264 with score 4,4
265,Passenger review #265 with score 1,1
266,Passenger review #266 with score 4,4
267,Passenger review #267 with score 1,1
268,Passenger review #268 with score 3,3
269,Passenger review #269 with score 5,5
270,Passenger review #270 with score 3,3
271,Passenger review #271 with score 3,3
272,Passenger review #272 with score 1,1
273,Passenger review #273 with score 2,2
274,Passenger review #274 with score 3,3
275,Passenger review #275 with score 2,2
276,Passenger review #276 with score 1,1
277,Passenger review #277 with score 1,1
278,Passenger review #278 with score 5,5
279,Passenger review #279 with score 5,5
280,Passenger review #280 with score 3,3
281,Passenger review #281 with score 5,5
282,Passenger review #282 with score 4,4
283,Passenger review #283 with score 4,4
284,Passenger review #284 with score 5,5
285,Passenger review #285 with score 5,5
286,Passenger review #286 with score 3,3
287,Passenger review #287 with score 3,3
288,Passenger review #288 with score 1,1
289,Passenger review #289 with score 1,1
290,Passenger review #290 with score 2,2
291,Passenger review #291 with score 2,2
292,Passenger review #292 with score 2,2
293,Passenger review #293 with score 5,5
294,Passenger review #294 with score 1,1
295,Passenger review #295 with score 3,3
296,Passenger review #296 with score 5,5
297,Passenger review #297 with score 3,3
298,Passenger review #298 with score 1,1
299,Passenger review #299 with score 4,4
300,Passenger review #300 with score 1,1
301,Passenger review #301 with score 2,2
302,Passenger review #302 with score 5,5
303,Passenger review #303 with score 4,4
304,Passenger review #304 with score 2,2
305,Passenger review #305 with score 3,3
306,Passenger review #306 with score 1,1
307,Passenger review #307 with score 2,2
308,Passenger review #308 with score 3,3
309,Passenger review #309 with score 5,5
310,Passenger review #310 with score 1,1
311,Passenger review #311 with score 1,1
312,Passenger review #312 with score 2,2
313,Passenger review #313 with score 5,5
314,Passenger review #314 with score 5,5
315,Passenger review #315 with score 3,3
316,Passenger review #316 with score 4,4
317,Passenger review #317 with score 2,2
318,Passenger review #318 with score 5,5
319,Passenger review #319 with score 3,3
320,Passenger review #320 with score 3,3
321,Passenger review #321 with score 4,4
322,Passenger review #322 with score 1,1
323,Passenger review #323 with score 2,2
324,Passenger review #324 with score 4,4
325,Passenger review #325 with score 2,2
326,Passenger review #326 with score 3,3
327,Passenger review #327 with score 3,3
328,Passenger review #328 with score 3,3
329,Passenger review #329 with score 2,2
330,Passenger review #330 with score 5,5
331,Passenger review #331 with score 1,1
332,Passenger review #332 with score 4,4
333,Passenger review #333 with score 1,1
334,Passenger review #334 with score 5,5
335,Passenger review #335 with score 4,4
336,Passenger review #336 with score 2,2
337,Passenger review #337 with score 4,4
338,Passenger review #338 with score 5,5
339,Passenger review #339 with score 2,2
340,Passenger review #340 with score 3,3
341,Passenger review #341 with score 1,1
342,Passenger review #342 with score 2,2
343,Passenger review #343 with score 2,2
344,Passenger review #344 with score 2,2
345,Passenger review #345 with score 4,4
346,Passenger review #346 with score 5,5
347,Passenger review #347 with score 5,5
348,Passenger review #348 with score 1,1
349,Passenger review #349 with score 4,4
350,Passenger review #350 with score 2,2
351,Passenger review #351 with score 3,3
352,Passenger review #352 with score 5,5
353,Passenger review #353 with score 1,1
354,Passenger review #354 with score 2,2
355,Passenger review #355 with score 2,2
356,Passenger review #356 with score 5,5
357,Passenger review #357 with score 1,1
358,Passenger review #358 with score 5,5
359,Passenger review #359 with score 5,5
360,Passenger review #360 with score 3,3
361,Passenger review #361 with score 5,5
362,Passenger review #362 with score 4,4
363,Passenger review #363 with score 5,5
364,Passenger review #364 with score 5,5
365,Passenger review #365 with score 5,5
366,Passenger review #366 with score 5,5
367,Passenger review #367 with score 4,4
368,Passenger review #368 with score 4,4
369,Passenger review #369 with score 3,3
370,Passenger review #370 with score 4,4
371,Passenger review #371 with score 3,3
372,Passenger review #372 with score 4,4
373,Passenger review #373 with score 2,2
374,Passenger review #374 with score 1,1
375,Passenger review #375 with score 3,3
376,Passenger review #376 with score 1,1
377,Passenger review #377 with score 3,3
378,Passenger review #378 with score 5,5
379,Passenger review #379 with score 1,1
380,Passenger review #380 with score 2,2
381,Passenger review #381 with score 4,4
382,Passenger review #382 with score 4,4
383,Passenger review #383 with score 4,4
384,Passenger review #384 with score 3,3
385,Passenger review #385 with score 2,2
386,Passenger review #386 with score 4,4
387,Passenger review #387 with score 3,3
388,Passenger review #388 with score 5,5
389,Passenger review #389 with score 1,1
390,Passenger review #390 with score 2,2
391,Passenger review #391 with score 4,4
392,Passenger review #392 with score 1,1
393,Passenger review #393 with score 1,1
394,Passenger review #394 with score 3,3
395,Passenger review #395 with score 5,5
396,Passenger review #396 with score 1,1
397,Passenger review #397 with score 4,4
398,Passenger review #398 with score 1,1
399,Passenger review #399 with score 5,5
400,Passenger review #400 with score 3,3
401,Passenger review #401 with score 1,1
402,Passenger review #402 with score 4,4
403,Passenger review #403 with score 2,2
404,Passenger review #404 with score 1,1
405,Passenger review #405 with score 1,1
406,Passenger review #406 with score 2,2
407,Passenger review #407 with score 2,2
408,Passenger review #408 with score 4,4
409,Passenger review #409 with score 2,2
410,Passenger review #410 with score 3,3
411,Passenger review #411 with score 5,5
412,Passenger review #412 with score 3,3
413,Passenger review #413 with score 1,1
414,Passenger review #414 with score 2,2
415,Passenger review #415 with score 1,1
416,Passenger review #416 with score 2,2
417,Passenger review #417 with score 4,4
418,Passenger review #418 with score 1,1
419,Passenger review #419 with score 1,1
420,Passenger review #420 with score 1,1
421,Passenger review #421 with score 4,4
422,Passenger review #422 with score 5,5
423,Passenger review #423 with score 2,2
424,Passenger review #424 with score 4,4
425,Passenger review #425 with score 5,5
426,Passenger review #426 with score 2,2
427,Passenger review #427 with score 2,2
428,Passenger review #428 with score 1,1
429,Passenger review #429 with score 2,2
430,Passenger review #430 with score 5,5
431,Passenger review #431 with score 5,5
432,Passenger review #432 with score 1,1
433,Passenger review #433 with score 1,1
434,Passenger review #434 with score 4,4
435,Passenger review #435 with score 2,2
436,Passenger review #436 with score 2,2
437,Passenger review #437 with score 1,1
438,Passenger review #438 with score 2,2
439,Passenger review #439 with score 5,5
440,Passenger review #440 with score 2,2
441,Passenger review #441 with score 3,3
442,Passenger review #442 with score 4,4
443,Passenger review #443 with score 3,3
444,Passenger review #444 with score 3,3
445,Passenger review #445 with score 3,3
446,Passenger review #446 with score 4,4
447,Passenger review #447 with score 1,1
448,Passenger review #448 with score 2,2
449,Passenger review #449 with score 1,1
450,Passenger review #450 with score 3,3
451,Passenger review #451 with score 2,2
452,Passenger review #452 with score 5,5
453,Passenger review #453 with score 2,2
454,Passenger review #454 with score 2,2
455,Passenger review #455 with score 3,3
456,Passenger review #456 with score 2,2
457,Passenger review #457 with score 1,1
458,Passenger review #458 with score 1,1
459,Passenger review #459 with score 5,5
460,Passenger review #460 with score 4,4
461,Passenger review #461 with score 3,3
462,Passenger review #462 with score 3,3
463,Passenger review #463 with score 1,1
464,Passenger review #464 with score 1,1
465,Passenger review #465 with score 4,4
466,Passenger review #466 with score 3,3
467,Passenger review #467 with score 3,3
468,Passenger review #468 with score 2,2
469,Passenger review #469 with score 1,1
470,Passenger review #470 with score 4,4
471,Passenger review #471 with score 2,2
472,Passenger review #472 with score 5,5
473,Passenger review #473 with score 2,2
474,Passenger review #474 with score 2,2
475,Passenger review #475 with score 1,1
476,Passenger review #476 with score 5,5
477,Passenger review #477 with score 5,5
478,Passenger review #478 with score 3,3
479,Passenger review #479 with score 5,5
480,Passenger review #480 with score 2,2
481,Passenger review #481 with score 4,4
482,Passenger review #482 with score 3,3
483,Passenger review #483 with score 1,1
484,Passenger review #484 with score 1,1
485,Passenger review #485 with score 2,2
486,Passenger review #486 with score 2,2
487,Passenger review #487 with score 3,3
488,Passenger review #488 with score 3,3
489,Passenger review #489 with score 2,2
490,Passenger review #490 with score 5,5
491,Passenger review #491 with score 2,2
492,Passenger review #492 with score 1,1
493,Passenger review #493 with score 4,4
494,Passenger review #494 with score 1,1
495,Passenger review #495 with score 4,4
496,Passenger review #496 with score 3,3
497,Passenger review #497 with score 5,5
498,Passenger review #498 with score 5,5
499,Passenger review #499 with score 3,3
500,Passenger review #500 with score 3,3
501,Passenger review #501 with score 5,5
502,Passenger review #502 with score 5,5
503,Passenger review #503 with score 4,4
504,Passenger review #504 with score 5,5
505,Passenger review #505 with score 3,3
506,Passenger review #506 with score 5,5
507,Passenger review #507 with score 3,3
508,Passenger review #508 with score 2,2
509,Passenger review #509 with score 1,1
510,Passenger review #510 with score 4,4
511,Passenger review #511 with score 2,2
512,Passenger review #512 with score 1,1
513,Passenger review #513 with score 5,5
514,Passenger review #514 with score 2,2
515,Passenger review #515 with score 3,3
516,Passenger review #516 with score 4,4
517,Passenger review #517 with score 3,3
518,Passenger review #518 with score 3,3
519,Passenger review #519 with score 5,5
520,Passenger review #520 with score 3,3
521,Passenger review #521 with score 4,4
522,Passenger review #522 with score 4,4
523,Passenger review #523 with score 3,3
524,Passenger review #524 with score 1,1
525,Passenger review #525 with score 2,2
526,Passenger review #526 with score 1,1
527,Passenger review #527 with score 2,2
528,Passenger review #528 with score 4,4
529,Passenger review #529 with score 5,5
530,Passenger review #530 with score 5,5
531,Passenger review #531 with score 1,1
532,Passenger review #532 with score 4,4
533,Passenger review #533 with score 1,1
534,Passenger review #534 with score 2,2
535,Passenger review #535 with score 2,2
536,Passenger review #536 with score 1,1
537,Passenger review #537 with score 5,5
538,Passenger review #538 with score 2,2
539,Passenger review #539 with score 1,1
540,Passenger review #540 with score 1,1
541,Passenger review #541 with score 3,3
542,Passenger review #542 with score 3,3
543,Passenger review #543 with score 2,2
544,Passenger review #544 with score 1,1
545,Passenger review #545 with score 3,3
546,Passenger review #546 with score 1,1
547,Passenger review #547 with score 3,3
548,Passenger review #548 with score 2,2
549,Passenger review #549 with score 1,1
550,Passenger review #550 with score 5,5
551,Passenger review #551 with score 3,3
552,Passenger review #552 with score 4,4
553,Passenger review #553 with score 3,3
554,Passenger review #554 with score 2,2
555,Passenger review #555 with score 5,5
556,Passenger review #556 with score 5,5
557,Passenger review #557 with score 3,3
558,Passenger review #558 with score 5,5
559,Passenger review #559 with score 2,2
560,Passenger review #560 with score 5,5
561,Passenger review #561 with score 4,4
562,Passenger review #562 with score 2,2
563,Passenger review #563 with score 5,5
564,Passenger review #564 with score 1,1
565,Passenger review #565 with score 1,1
566,Passenger review #566 with score 3,3
567,Passenger review #567 with score 2,2
568,Passenger review #568 with score 2,2
569,Passenger review #569 with score 2,2
570,Passenger review #570 with score 3,3
571,Passenger review #571 with score 3,3
572,Passenger review #572 with score 5,5
573,Passenger review #573 with score 5,5
574,Passenger review #574 with score 3,3
575,Passenger review #575 with score 2,2
576,Passenger review #576 with score 1,1
577,Passenger review #577 with score 2,2
578,Passenger review #578 with score 2,2
579,Passenger review #579 with score 5,5
580,Passenger review #580 with score 1,1
581,Passenger review #581 with score 4,4
582,Passenger review #582 with score 1,1
583,Passenger review #583 with score 2,2
584,Passenger review #584 with score 1,1
585,Passenger review #585 with score 1,1
586,Passenger review #586 with score 1,1
587,Passenger review #587 with score 1,1
588,Passenger review #588 with score 4,4
589,Passenger review #589 with score 2,2
590,Passenger review #590 with score 3,3
591,Passenger review #591 with score 4,4
592,Passenger review #592 with score 4,4
593,Passenger review #593 with score 5,5
594,Passenger review #594 with score 5,5
595,Passenger review #595 with score 2,2
596,Passenger review #596 with score 5,5
597,Passenger review #597 with score 4,4
598,Passenger review #598 with score 1,1
599,Passenger review #599 with score 2,2
600,Passenger review #600 with score 5,5
601,Passenger review #601 with score 1,1
602,Passenger review #602 with score 2,2
603,Passenger review #603 with score 3,3
604,Passenger review #604 with score 5,5
605,Passenger review #605 with score 4,4
606,Passenger review #606 with score 5,5
607,Passenger review #607 with score 2,2
608,Passenger review #608 with score 2,2
609,Passenger review #609 with score 1,1
610,Passenger review #610 with score 3,3
611,Passenger review #611 with score 3,3
612,Passenger review #612 with score 3,3
613,Passenger review #613 with score 2,2
614,Passenger review #614 with score 5,5
615,Passenger review #615 with score 4,4
616,Passenger review #616 with score 3,3
617,Passenger review #617 with score 5,5
618,Passenger review #618 with score 3,3
619,Passenger review #619 with score 5,5
620,Passenger review #620 with score 5,5
621,Passenger review #621 with score 3,3
622,Passenger review #622 with score 3,3
623,Passenger review #623 with score 4,4
624,Passenger review #624 with score 2,2
625,Passenger review #625 with score 2,2
626,Passenger review #626 with score 4,4
627,Passenger review #627 with score 3,3
628,Passenger review #628 with score 5,5
629,Passenger review #629 with score 5,5
630,Passenger review #630 with score 4,4
631,Passenger review #631 with score 2,2
632,Passenger review #632 with score 4,4
633,Passenger review #633 with score 3,3
634,Passenger review #634 with score 4,4
635,Passenger review #635 with score 5,5
636,Passenger review #636 with score 3,3
637,Passenger review #637 with score 2,2
638,Passenger review #638 with score 4,4
639,Passenger review #639 with score 1,1
640,Passenger review #640 with score 3,3
641,Passenger review #641 with score 3,3
642,Passenger review #642 with score 3,3
643,Passenger review #643 with score 2,2
644,Passenger review #644 with score 3,3
645,Passenger review #645 with score 1,1
646,Passenger review #646 with score 1,1
647,Passenger review #647 with score 4,4
648,Passenger review #648 with score 1,1
649,Passenger review #649 with score 4,4
650,Passenger review #650 with score 4,4
651,Passenger review #651 with score 5,5
652,Passenger review #652 with score 1,1
653,Passenger review #653 with score 1,1
654,Passenger review #654 with score 4,4
655,Passenger review #655 with score 4,4
656,Passenger review #656 with score 2,2
657,Passenger review #657 with score 5,5
658,Passenger review #658 with score 2,2
659,Passenger review #659 with score 2,2
660,Passenger review #660 with score 4,4
661,Passenger review #661 with score 4,4
662,Passenger review #662 with score 5,5
663,Passenger review #663 with score 1,1
664,Passenger review #664 with score 2,2
665,Passenger review #665 with score 5,5
666,Passenger review #666 with score 2,2
667,Passenger review #667 with score 1,1
668,Passenger review #668 with score 3,3
669,Passenger review #669 with score 3,3
670,Passenger review #670 with score 3,3
671,Passenger review #671 with score 3,3
672,Passenger review #672 with score 2,2
673,Passenger review #673 with score 4,4
674,Passenger review #674 with score 4,4
675,Passenger review #675 with score 3,3
676,Passenger review #676 with score 1,1
677,Passenger review #677 with score 2,2
678,Passenger review #678 with score 5,5
679,Passenger review #679 with score 1,1
680,Passenger review #680 with score 1,1
681,Passenger review #681 with score 1,1
682,Passenger review #682 with score 1,1
683,Passenger review #683 with score 1,1
684,Passenger review #684 with score 1,1
685,Passenger review #685 with score 2,2
686,Passenger review #686 with score 2,2
687,Passenger review #687 with score 3,3
688,Passenger review #688 with score 3,3
689,Passenger review #689 with score 2,2
690,Passenger review #690 with score 5,5
691,Passenger review #691 with score 5,5
692,Passenger review #692 with score 5,5
693,Passenger review #693 with score 2,2
694,Passenger review #694 with score 1,1
695,Passenger review #695 with score 2,2
696,Passenger review #696 with score 5,5
697,Passenger review #697 with score 5,5
698,Passenger review #698 with score 1,1
699,Passenger review #699 with score 1,1
700,Passenger review #700 with score 5,5
701,Passenger review #701 with score 3,3
702,Passenger review #702 with score 4,4
703,Passenger review #703 with score 4,4
704,Passenger review #704 with score 4,4
705,Passenger review #705 with score 4,4
706,Passenger review #706 with score 4,4
707,Passenger review #707 with score 5,5
708,Passenger review #708 with score 4,4
709,Passenger review #709 with score 3,3
710,Passenger review #710 with score 1,1
711,Passenger review #711 with score 1,1
712,Passenger review #712 with score 2,2
713,Passenger review #713 with score 5,5
714,Passenger review #714 with score 1,1
715,Passenger review #715 with score 2,2
716,Passenger review #716 with score 5,5
717,Passenger review #717 with score 4,4
718,Passenger review #718 with score 4,4
719,Passenger review #719 with score 4,4
720,Passenger review #720 with score 2,2
721,Passenger review #721 with score 3,3
722,Passenger review #722 with score 2,2
723,Passenger review #723 with score 5,5
724,Passenger review #724 with score 1,1
725,Passenger review #725 with score 4,4
726,Passenger review #726 with score 4,4
727,Passenger review #727 with score 3,3
728,Passenger review #728 with score 2,2
729,Passenger review #729 with score 3,3
730,Passenger review #730 with score 3,3
731,Passenger review #731 with score 2,2
732,Passenger review #732 with score 5,5
733,Passenger review #733 with score 4,4
734,Passenger review #734 with score 1,1
735,Passenger review #735 with score 4,4
736,Passenger review #736 with score 5,5
737,Passenger review #737 with score 2,2
738,Passenger review #738 with score 3,3
739,Passenger review #739 with score 5,5
740,Passenger review #740 with score 4,4
741,Passenger review #741 with score 3,3
742,Passenger review #742 with score 4,4
743,Passenger review #743 with score 5,5
744,Passenger review #744 with score 4,4
745,Passenger review #745 with score 4,4
746,Passenger review #746 with score 1,1
747,Passenger review #747 with score 2,2
748,Passenger review #748 with score 5,5
749,Passenger review #749 with score 3,3
750,Passenger review #750 with score 1,1
751,Passenger review #751 with score 2,2
752,Passenger review #752 with score 3,3
753,Passenger review #753 with score 5,5
754,Passenger review #754 with score 2,2
755,Passenger review #755 with score 4,4
756,Passenger review #756 with score 1,1
757,Passenger review #757 with score 5,5
758,Passenger review #758 with score 2,2
759,Passenger review #759 with score 5,5
760,Passenger review #760 with score 1,1
761,Passenger review #761 with score 3,3
762,Passenger review #762 with score 2,2
763,Passenger review #763 with score 4,4
764,Passenger review #764 with score 2,2
765,Passenger review #765 with score 2,2
766,Passenger review #766 with score 3,3
767,Passenger review #767 with score 5,5
768,Passenger review #768 with score 4,4
769,Passenger review #769 with score 4,4
770,Passenger review #770 with score 3,3
771,Passenger review #771 with score 2,2
772,Passenger review #772 with score 3,3
773,Passenger review #773 with score 1,1
774,Passenger review #774 with score 1,1
775,Passenger review #775 with score 3,3
776,Passenger review #776 with score 2,2
777,Passenger review #777 with score 1,1
778,Passenger review #778 with score 1,1
779,Passenger review #779 with score 4,4
780,Passenger review #780 with score 5,5
781,Passenger review #781 with score 4,4
782,Passenger review #782 with score 3,3
783,Passenger review #783 with score 2,2
784,Passenger review #784 with score 1,1
785,Passenger review #785 with score 3,3
786,Passenger review #786 with score 2,2
787,Passenger review #787 with score 5,5
788,Passenger review #788 with score 4,4
789,Passenger review #789 with score 1,1
790,Passenger review #790 with score 2,2
791,Passenger review #791 with score 4,4
792,Passenger review #792 with score 4,4
793,Passenger review #793 with score 3,3
794,Passenger review #794 with score 4,4
795,Passenger review #795 with score 1,1
796,Passenger review #796 with score 1,1
797,Passenger review #797 with score 5,5
798,Passenger review #798 with score 3,3
799,Passenger review #799 with score 1,1
800,Passenger review #800 with score 3,3
801,Passenger review #801 with score 5,5
802,Passenger review #802 with score 1,1
803,Passenger review #803 with score 5,5
804,Passenger review #804 with score 5,5
805,Passenger review #805 with score 3,3
806,Passenger review #806 with score 2,2
807,Passenger review #807 with score 2,2
808,Passenger review #808 with score 4,4
809,Passenger review #809 with score 3,3
810,Passenger review #810 with score 2,2
811,Passenger review #811 with score 2,2
812,Passenger review #812 with score 3,3
813,Passenger review #813 with score 3,3
814,Passenger review #814 with score 3,3
815,Passenger review #815 with score 2,2
816,Passenger review #816 with score 2,2
817,Passenger review #817 with score 4,4
818,Passenger review #818 with score 3,3
819,Passenger review #819 with score 4,4
820,Passenger review #820 with score 1,1
821,Passenger review #821 with score 3,3
822,Passenger review #822 with score 4,4
823,Passenger review #823 with score 1,1
824,Passenger review #824 with score 3,3
825,Passenger review #825 with score 5,5
826,Passenger review #826 with score 5,5
827,Passenger review #827 with score 3,3
828,Passenger review #828 with score 2,2
829,Passenger review #829 with score 2,2
830,Passenger review #830 with score 5,5
831,Passenger review #831 with score 1,1
832,Passenger review #832 with score 4,4
833,Passenger review #833 with score 2,2
834,Passenger review #834 with score 4,4
835,Passenger review #835 with score 2,2
836,Passenger review #836 with score 4,4
837,Passenger review #837 with score 2,2
838,Passenger review #838 with score 4,4
839,Passenger review #839 with score 1,1
840,Passenger review #840 with score 4,4
841,Passenger review #841 with score 4,4
842,Passenger review #842 with score 5,5
843,Passenger review #843 with score 4,4
844,Passenger review #844 with score 3,3
845,Passenger review #845 with score 5,5
846,Passenger review #846 with score 2,2
847,Passenger review #847 with score 3,3
848,Passenger review #848 with score 4,4
849,Passenger review #849 with score 5,5
850,Passenger review #850 with score 4,4
851,Passenger review #851 with score 4,4
852,Passenger review #852 with score 5,5
853,Passenger review #853 with score 4,4
854,Passenger review #854 with score 1,1
855,Passenger review #855 with score 1,1
856,Passenger review #856 with score 3,3
857,Passenger review #857 with score 5,5
858,Passenger review #858 with score 5,5
859,Passenger review #859 with score 1,1
860,Passenger review #860 with score 5,5
861,Passenger review #861 with score 4,4
862,Passenger review #862 with score 4,4
863,Passenger review #863 with score 3,3
864,Passenger review #864 with score 4,4
865,Passenger review #865 with score 2,2
866,Passenger review #866 with score 2,2
867,Passenger review #867 with score 4,4
868,Passenger review #868 with score 5,5
869,Passenger review #869 with score 5,5
870,Passenger review #870 with score 2,2
871,Passenger review #871 with score 3,3
872,Passenger review #872 with score 3,3
873,Passenger review #873 with score 2,2
874,Passenger review #874 with score 4,4
875,Passenger review #875 with score 1,1
876,Passenger review #876 with score 5,5
877,Passenger review #877 with score 3,3
878,Passenger review #878 with score 3,3
879,Passenger review #879 with score 5,5
880,Passenger review #880 with score 2,2
881,Passenger review #881 with score 3,3
882,Passenger review #882 with score 5,5
883,Passenger review #883 with score 4,4
884,Passenger review #884 with score 3,3
885,Passenger review #885 with score 5,5
886,Passenger review #886 with score 5,5
887,Passenger review #887 with score 4,4
888,Passenger review #888 with score 2,2
889,Passenger review #889 with score 2,2
890,Passenger review #890 with score 5,5
891,Passenger review #891 with score 1,1
892,Passenger review #892 with score 1,1
893,Passenger review #893 with score 3,3
894,Passenger review #894 with score 1,1
895,Passenger review #895 with score 4,4
896,Passenger review #896 with score 1,1
897,Passenger review #897 with score 2,2
898,Passenger review #898 with score 1,1
899,Passenger review #899 with score 1,1
900,Passenger review #900 with score 1,1
901,Passenger review #901 with score 3,3
902,Passenger review #902 with score 5,5
903,Passenger review #903 with score 3,3
904,Passenger review #904 with score 5,5
905,Passenger review #905 with score 2,2
906,Passenger review #906 with score 4,4
907,Passenger review #907 with score 5,5
908,Passenger review #908 with score 4,4
909,Passenger review #909 with score 4,4
910,Passenger review #910 with score 1,1
911,Passenger review #911 with score 3,3
912,Passenger review #912 with score 2,2
913,Passenger review #913 with score 5,5
914,Passenger review #914 with score 4,4
915,Passenger review #915 with score 2,2
916,Passenger review #916 with score 4,4
917,Passenger review #917 with score 1,1
918,Passenger review #918 with score 4,4
919,Passenger review #919 with score 5,5
920,Passenger review #920 with score 4,4
921,Passenger review #921 with score 2,2
922,Passenger review #922 with score 4,4
923,Passenger review #923 with score 3,3
924,Passenger review #924 with score 3,3
925,Passenger review #925 with score 4,4
926,Passenger review #926 with score 5,5
927,Passenger review #927 with score 3,3
928,Passenger review #928 with score 4,4
929,Passenger review #929 with score 2,2
930,Passenger review #930 with score 1,1
931,Passenger review #931 with score 5,5
932,Passenger review #932 with score 5,5
933,Passenger review #933 with score 4,4
934,Passenger review #934 with score 4,4
935,Passenger review #935 with score 2,2
936,Passenger review #936 with score 4,4
937,Passenger review #937 with score 3,3
938,Passenger review #938 with score 4,4
939,Passenger review #939 with score 5,5
940,Passenger review #940 with score 1,1
941,Passenger review #941 with score 2,2
942,Passenger review #942 with score 1,1
943,Passenger review #943 with score 2,2
944,Passenger review #944 with score 5,5
945,Passenger review #945 with score 2,2
946,Passenger review #946 with score 3,3
947,Passenger review #947 with score 2,2
948,Passenger review #948 with score 4,4
949,Passenger review #949 with score 1,1
950,Passenger review #950 with score 4,4
951,Passenger review #951 with score 4,4
952,Passenger review #952 with score 4,4
953,Passenger review #953 with score 1,1
954,Passenger review #954 with score 3,3
955,Passenger review #955 with score 1,1
956,Passenger review #956 with score 3,3
957,Passenger review #957 with score 1,1
958,Passenger review #958 with score 3,3
959,Passenger review #959 with score 1,1
960,Passenger review #960 with score 1,1
961,Passenger review #961 with score 1,1
962,Passenger review #962 with score 4,4
963,Passenger review #963 with score 5,5
964,Passenger review #964 with score 2,2
965,Passenger review #965 with score 5,5
966,Passenger review #966 with score 4,4
967,Passenger review #967 with score 3,3
968,Passenger review #968 with score 3,3
969,Passenger review #969 with score 5,5
970,Passenger review #970 with score 3,3
971,Passenger review #971 with score 1,1
972,Passenger review #972 with score 5,5
973,Passenger review #973 with score 3,3
974,Passenger review #974 with score 3,3
975,Passenger review #975 with score 4,4
976,Passenger review #976 with score 2,2
977,Passenger review #977 with score 5,5
978,Passenger review #978 with score 2,2
979,Passenger review #979 with score 3,3
980,Passenger review #980 with score 1,1
981,Passenger review #981 with score 5,5
982,Passenger review #982 with score 4,4
983,Passenger review #983 with score 3,3
984,Passenger review #984 with score 5,5
985,Passenger review #985 with score 5,5
986,Passenger review #986 with score 2,2
987,Passenger review #987 with score 4,4
988,Passenger review #988 with score 2,2
989,Passenger review #989 with score 1,1
990,Passenger review #990 with score 5,5
991,Passenger review #991 with score 5,5
992,Passenger review #992 with score 4,4
993,Passenger review #993 with score 4,4
994,Passenger review #994 with score 2,2
995,Passenger review #995 with score 4,4
996,Passenger review #996 with score 4,4
997,Passenger review #997 with score 3,3
998,Passenger review #998 with score 4,4
999,Passenger review #999 with score 2,2
1000,Passenger review #1000 with score 1,1
